id_post,Fecha,Imagen,Ruta
POST_98,2024-08-05,IMG_98.jpg,/Users/n.arcos89/Desktop/Bootcamp_Data/DIVA_DIGITAL_Proyecto Final/imagenes_descargadas/IMG_98.jpg
POST_190,2024-08-08,IMG_190.jpg,/Users/n.arcos89/Desktop/Bootcamp_Data/DIVA_DIGITAL_Proyecto Final/imagenes_descargadas/IMG_190.jpg
POST_38,2024-08-12,IMG_38.jpg,/Users/n.arcos89/Desktop/Bootcamp_Data/DIVA_DIGITAL_Proyecto Final/imagenes_descargadas/IMG_38.jpg
POST_73,2024-08-14,IMG_73.jpg,/Users/n.arcos89/Desktop/Bootcamp_Data/DIVA_DIGITAL_Proyecto Final/imagenes_descargadas/IMG_73.jpg
POST_44,2024-08-16,IMG_44.jpg,/Users/n.arcos89/Desktop/Bootcamp_Data/DIVA_DIGITAL_Proyecto Final/imagenes_descargadas/IMG_44.jpg
POST_95,2024-08-19,IMG_95.jpg,/Users/n.arcos89/Desktop/Bootcamp_Data/DIVA_DIGITAL_Proyecto Final/imagenes_descargadas/IMG_95.jpg
POST_42,2024-08-22,IMG_42.jpg,/Users/n.arcos89/Desktop/Bootcamp_Data/DIVA_DIGITAL_Proyecto Final/imagenes_descargadas/IMG_42.jpg
POST_59,2024-08-24,IMG_59.jpg,/Users/n.arcos89/Desktop/Bootcamp_Data/DIVA_DIGITAL_Proyecto Final/imagenes_descargadas/IMG_59.jpg
POST_112,2024-08-28,IMG_112.jpg,/Users/n.arcos89/Desktop/Bootcamp_Data/DIVA_DIGITAL_Proyecto Final/imagenes_descargadas/IMG_112.jpg
POST_17,2024-08-30,IMG_17.jpg,/Users/n.arcos89/Desktop/Bootcamp_Data/DIVA_DIGITAL_Proyecto Final/imagenes_descargadas/IMG_17.jpg
POST_168,2024-09-02,IMG_168.jpg,/Users/n.arcos89/Desktop/Bootcamp_Data/DIVA_DIGITAL_Proyecto Final/imagenes_descargadas/IMG_168.jpg
POST_193,2024-09-04,IMG_193.jpg,/Users/n.arcos89/Desktop/Bootcamp_Data/DIVA_DIGITAL_Proyecto Final/imagenes_descargadas/IMG_193.jpg
POST_122,2024-09-07,IMG_122.jpg,/Users/n.arcos89/Desktop/Bootcamp_Data/DIVA_DIGITAL_Proyecto Final/imagenes_descargadas/IMG_122.jpg
POST_196,2024-09-09,IMG_196.jpg,/Users/n.arcos89/Desktop/Bootcamp_Data/DIVA_DIGITAL_Proyecto Final/imagenes_descargadas/IMG_196.jpg
POST_90,2024-09-12,IMG_90.jpg,/Users/n.arcos89/Desktop/Bootcamp_Data/DIVA_DIGITAL_Proyecto Final/imagenes_descargadas/IMG_90.jpg
POST_191,2024-09-15,IMG_191.jpg,/Users/n.arcos89/Desktop/Bootcamp_Data/DIVA_DIGITAL_Proyecto Final/imagenes_descargadas/IMG_191.jpg
POST_133,2024-09-18,IMG_133.jpg,/Users/n.arcos89/Desktop/Bootcamp_Data/DIVA_DIGITAL_Proyecto Final/imagenes_descargadas/IMG_133.jpg
POST_141,2024-09-20,IMG_141.jpg,/Users/n.arcos89/Desktop/Bootcamp_Data/DIVA_DIGITAL_Proyecto Final/imagenes_descargadas/IMG_141.jpg
POST_115,2024-09-23,IMG_115.jpg,/Users/n.arcos89/Desktop/Bootcamp_Data/DIVA_DIGITAL_Proyecto Final/imagenes_descargadas/IMG_115.jpg
POST_165,2024-09-27,IMG_165.jpg,/Users/n.arcos89/Desktop/Bootcamp_Data/DIVA_DIGITAL_Proyecto Final/imagenes_descargadas/IMG_165.jpg
POST_171,2024-10-01,IMG_171.jpg,/Users/n.arcos89/Desktop/Bootcamp_Data/DIVA_DIGITAL_Proyecto Final/imagenes_descargadas/IMG_171.jpg
POST_103,2024-10-05,IMG_103.jpg,/Users/n.arcos89/Desktop/Bootcamp_Data/DIVA_DIGITAL_Proyecto Final/imagenes_descargadas/IMG_103.jpg
POST_175,2024-10-09,IMG_175.jpg,/Users/n.arcos89/Desktop/Bootcamp_Data/DIVA_DIGITAL_Proyecto Final/imagenes_descargadas/IMG_175.jpg
POST_7,2024-10-13,IMG_7.jpg,/Users/n.arcos89/Desktop/Bootcamp_Data/DIVA_DIGITAL_Proyecto Final/imagenes_descargadas/IMG_7.jpg
POST_5,2024-10-15,IMG_5.jpg,/Users/n.arcos89/Desktop/Bootcamp_Data/DIVA_DIGITAL_Proyecto Final/imagenes_descargadas/IMG_5.jpg
POST_37,2024-10-18,IMG_37.jpg,/Users/n.arcos89/Desktop/Bootcamp_Data/DIVA_DIGITAL_Proyecto Final/imagenes_descargadas/IMG_37.jpg
POST_187,2024-10-20,IMG_187.jpg,/Users/n.arcos89/Desktop/Bootcamp_Data/DIVA_DIGITAL_Proyecto Final/imagenes_descargadas/IMG_187.jpg
POST_155,2024-10-23,IMG_155.jpg,/Users/n.arcos89/Desktop/Bootcamp_Data/DIVA_DIGITAL_Proyecto Final/imagenes_descargadas/IMG_155.jpg
POST_72,2024-10-27,IMG_72.jpg,/Users/n.arcos89/Desktop/Bootcamp_Data/DIVA_DIGITAL_Proyecto Final/imagenes_descargadas/IMG_72.jpg
POST_3,2024-10-29,IMG_3.jpg,/Users/n.arcos89/Desktop/Bootcamp_Data/DIVA_DIGITAL_Proyecto Final/imagenes_descargadas/IMG_3.jpg
POST_178,2024-11-02,IMG_178.jpg,/Users/n.arcos89/Desktop/Bootcamp_Data/DIVA_DIGITAL_Proyecto Final/imagenes_descargadas/IMG_178.jpg
POST_148,2024-11-05,IMG_148.jpg,/Users/n.arcos89/Desktop/Bootcamp_Data/DIVA_DIGITAL_Proyecto Final/imagenes_descargadas/IMG_148.jpg
POST_81,2024-11-08,IMG_81.jpg,/Users/n.arcos89/Desktop/Bootcamp_Data/DIVA_DIGITAL_Proyecto Final/imagenes_descargadas/IMG_81.jpg
POST_66,2024-11-12,IMG_66.jpg,/Users/n.arcos89/Desktop/Bootcamp_Data/DIVA_DIGITAL_Proyecto Final/imagenes_descargadas/IMG_66.jpg
POST_79,2024-11-14,IMG_79.jpg,/Users/n.arcos89/Desktop/Bootcamp_Data/DIVA_DIGITAL_Proyecto Final/imagenes_descargadas/IMG_79.jpg
POST_34,2024-11-16,IMG_34.jpg,/Users/n.arcos89/Desktop/Bootcamp_Data/DIVA_DIGITAL_Proyecto Final/imagenes_descargadas/IMG_34.jpg
POST_135,2024-11-20,IMG_135.jpg,/Users/n.arcos89/Desktop/Bootcamp_Data/DIVA_DIGITAL_Proyecto Final/imagenes_descargadas/IMG_135.jpg
POST_177,2024-11-23,IMG_177.jpg,/Users/n.arcos89/Desktop/Bootcamp_Data/DIVA_DIGITAL_Proyecto Final/imagenes_descargadas/IMG_177.jpg
POST_25,2024-11-26,IMG_25.jpg,/Users/n.arcos89/Desktop/Bootcamp_Data/DIVA_DIGITAL_Proyecto Final/imagenes_descargadas/IMG_25.jpg
POST_108,2024-11-29,IMG_108.jpg,/Users/n.arcos89/Desktop/Bootcamp_Data/DIVA_DIGITAL_Proyecto Final/imagenes_descargadas/IMG_108.jpg
POST_62,2024-12-02,IMG_62.jpg,/Users/n.arcos89/Desktop/Bootcamp_Data/DIVA_DIGITAL_Proyecto Final/imagenes_descargadas/IMG_62.jpg
POST_161,2024-12-04,IMG_161.jpg,/Users/n.arcos89/Desktop/Bootcamp_Data/DIVA_DIGITAL_Proyecto Final/imagenes_descargadas/IMG_161.jpg
POST_39,2024-12-06,IMG_39.jpg,/Users/n.arcos89/Desktop/Bootcamp_Data/DIVA_DIGITAL_Proyecto Final/imagenes_descargadas/IMG_39.jpg
POST_19,2024-12-08,IMG_19.jpg,/Users/n.arcos89/Desktop/Bootcamp_Data/DIVA_DIGITAL_Proyecto Final/imagenes_descargadas/IMG_19.jpg
POST_199,2024-12-12,IMG_199.jpg,/Users/n.arcos89/Desktop/Bootcamp_Data/DIVA_DIGITAL_Proyecto Final/imagenes_descargadas/IMG_199.jpg
POST_12,2024-12-15,IMG_12.jpg,/Users/n.arcos89/Desktop/Bootcamp_Data/DIVA_DIGITAL_Proyecto Final/imagenes_descargadas/IMG_12.jpg
POST_78,2024-12-17,IMG_78.jpg,/Users/n.arcos89/Desktop/Bootcamp_Data/DIVA_DIGITAL_Proyecto Final/imagenes_descargadas/IMG_78.jpg
POST_85,2024-12-19,IMG_85.jpg,/Users/n.arcos89/Desktop/Bootcamp_Data/DIVA_DIGITAL_Proyecto Final/imagenes_descargadas/IMG_85.jpg
POST_55,2024-12-22,IMG_55.jpg,/Users/n.arcos89/Desktop/Bootcamp_Data/DIVA_DIGITAL_Proyecto Final/imagenes_descargadas/IMG_55.jpg
POST_63,2024-12-25,IMG_63.jpg,/Users/n.arcos89/Desktop/Bootcamp_Data/DIVA_DIGITAL_Proyecto Final/imagenes_descargadas/IMG_63.jpg
POST_143,2024-12-28,IMG_143.jpg,/Users/n.arcos89/Desktop/Bootcamp_Data/DIVA_DIGITAL_Proyecto Final/imagenes_descargadas/IMG_143.jpg
POST_139,2024-12-30,IMG_139.jpg,/Users/n.arcos89/Desktop/Bootcamp_Data/DIVA_DIGITAL_Proyecto Final/imagenes_descargadas/IMG_139.jpg
POST_121,2025-01-01,IMG_121.jpg,/Users/n.arcos89/Desktop/Bootcamp_Data/DIVA_DIGITAL_Proyecto Final/imagenes_descargadas/IMG_121.jpg
POST_142,2025-01-03,IMG_142.jpg,/Users/n.arcos89/Desktop/Bootcamp_Data/DIVA_DIGITAL_Proyecto Final/imagenes_descargadas/IMG_142.jpg
POST_118,2025-01-05,IMG_118.jpg,/Users/n.arcos89/Desktop/Bootcamp_Data/DIVA_DIGITAL_Proyecto Final/imagenes_descargadas/IMG_118.jpg
POST_185,2025-01-08,IMG_185.jpg,/Users/n.arcos89/Desktop/Bootcamp_Data/DIVA_DIGITAL_Proyecto Final/imagenes_descargadas/IMG_185.jpg
POST_127,2025-01-12,IMG_127.jpg,/Users/n.arcos89/Desktop/Bootcamp_Data/DIVA_DIGITAL_Proyecto Final/imagenes_descargadas/IMG_127.jpg
POST_47,2025-01-14,IMG_47.jpg,/Users/n.arcos89/Desktop/Bootcamp_Data/DIVA_DIGITAL_Proyecto Final/imagenes_descargadas/IMG_47.jpg
POST_36,2025-01-18,IMG_36.jpg,/Users/n.arcos89/Desktop/Bootcamp_Data/DIVA_DIGITAL_Proyecto Final/imagenes_descargadas/IMG_36.jpg
POST_123,2025-01-20,IMG_123.jpg,/Users/n.arcos89/Desktop/Bootcamp_Data/DIVA_DIGITAL_Proyecto Final/imagenes_descargadas/IMG_123.jpg
POST_113,2025-01-23,IMG_113.jpg,/Users/n.arcos89/Desktop/Bootcamp_Data/DIVA_DIGITAL_Proyecto Final/imagenes_descargadas/IMG_113.jpg
POST_157,2025-01-25,IMG_157.jpg,/Users/n.arcos89/Desktop/Bootcamp_Data/DIVA_DIGITAL_Proyecto Final/imagenes_descargadas/IMG_157.jpg
POST_174,2025-01-27,IMG_174.jpg,/Users/n.arcos89/Desktop/Bootcamp_Data/DIVA_DIGITAL_Proyecto Final/imagenes_descargadas/IMG_174.jpg
POST_22,2025-01-31,IMG_22.jpg,/Users/n.arcos89/Desktop/Bootcamp_Data/DIVA_DIGITAL_Proyecto Final/imagenes_descargadas/IMG_22.jpg
POST_136,2025-02-02,IMG_136.jpg,/Users/n.arcos89/Desktop/Bootcamp_Data/DIVA_DIGITAL_Proyecto Final/imagenes_descargadas/IMG_136.jpg
POST_147,2025-02-04,IMG_147.jpg,/Users/n.arcos89/Desktop/Bootcamp_Data/DIVA_DIGITAL_Proyecto Final/imagenes_descargadas/IMG_147.jpg
POST_11,2025-02-08,IMG_11.jpg,/Users/n.arcos89/Desktop/Bootcamp_Data/DIVA_DIGITAL_Proyecto Final/imagenes_descargadas/IMG_11.jpg
POST_69,2025-02-12,IMG_69.jpg,/Users/n.arcos89/Desktop/Bootcamp_Data/DIVA_DIGITAL_Proyecto Final/imagenes_descargadas/IMG_69.jpg
POST_64,2025-02-16,IMG_64.jpg,/Users/n.arcos89/Desktop/Bootcamp_Data/DIVA_DIGITAL_Proyecto Final/imagenes_descargadas/IMG_64.jpg
POST_31,2025-02-18,IMG_31.jpg,/Users/n.arcos89/Desktop/Bootcamp_Data/DIVA_DIGITAL_Proyecto Final/imagenes_descargadas/IMG_31.jpg
POST_87,2025-02-20,IMG_87.jpg,/Users/n.arcos89/Desktop/Bootcamp_Data/DIVA_DIGITAL_Proyecto Final/imagenes_descargadas/IMG_87.jpg
POST_51,2025-02-21,IMG_51.jpg,/Users/n.arcos89/Desktop/Bootcamp_Data/DIVA_DIGITAL_Proyecto Final/imagenes_descargadas/IMG_51.jpg
POST_144,2025-02-24,IMG_144.jpg,/Users/n.arcos89/Desktop/Bootcamp_Data/DIVA_DIGITAL_Proyecto Final/imagenes_descargadas/IMG_144.jpg
POST_49,2025-02-24,IMG_49.jpg,/Users/n.arcos89/Desktop/Bootcamp_Data/DIVA_DIGITAL_Proyecto Final/imagenes_descargadas/IMG_49.jpg
POST_43,2025-02-26,IMG_43.jpg,/Users/n.arcos89/Desktop/Bootcamp_Data/DIVA_DIGITAL_Proyecto Final/imagenes_descargadas/IMG_43.jpg
POST_156,2025-02-26,IMG_156.jpg,/Users/n.arcos89/Desktop/Bootcamp_Data/DIVA_DIGITAL_Proyecto Final/imagenes_descargadas/IMG_156.jpg
POST_61,2025-03-01,IMG_61.jpg,/Users/n.arcos89/Desktop/Bootcamp_Data/DIVA_DIGITAL_Proyecto Final/imagenes_descargadas/IMG_61.jpg
POST_197,2025-03-02,IMG_197.jpg,/Users/n.arcos89/Desktop/Bootcamp_Data/DIVA_DIGITAL_Proyecto Final/imagenes_descargadas/IMG_197.jpg
POST_89,2025-03-02,IMG_89.jpg,/Users/n.arcos89/Desktop/Bootcamp_Data/DIVA_DIGITAL_Proyecto Final/imagenes_descargadas/IMG_89.jpg
POST_101,2025-03-03,IMG_101.jpg,/Users/n.arcos89/Desktop/Bootcamp_Data/DIVA_DIGITAL_Proyecto Final/imagenes_descargadas/IMG_101.jpg
POST_145,2025-03-04,IMG_145.jpg,/Users/n.arcos89/Desktop/Bootcamp_Data/DIVA_DIGITAL_Proyecto Final/imagenes_descargadas/IMG_145.jpg
POST_170,2025-03-05,IMG_170.jpg,/Users/n.arcos89/Desktop/Bootcamp_Data/DIVA_DIGITAL_Proyecto Final/imagenes_descargadas/IMG_170.jpg
POST_14,2025-03-07,IMG_14.jpg,/Users/n.arcos89/Desktop/Bootcamp_Data/DIVA_DIGITAL_Proyecto Final/imagenes_descargadas/IMG_14.jpg
POST_99,2025-03-08,IMG_99.jpg,/Users/n.arcos89/Desktop/Bootcamp_Data/DIVA_DIGITAL_Proyecto Final/imagenes_descargadas/IMG_99.jpg
POST_114,2025-03-08,IMG_114.jpg,/Users/n.arcos89/Desktop/Bootcamp_Data/DIVA_DIGITAL_Proyecto Final/imagenes_descargadas/IMG_114.jpg
POST_166,2025-03-09,IMG_166.jpg,/Users/n.arcos89/Desktop/Bootcamp_Data/DIVA_DIGITAL_Proyecto Final/imagenes_descargadas/IMG_166.jpg
POST_53,2025-03-10,IMG_53.jpg,/Users/n.arcos89/Desktop/Bootcamp_Data/DIVA_DIGITAL_Proyecto Final/imagenes_descargadas/IMG_53.jpg
POST_132,2025-03-12,IMG_132.jpg,/Users/n.arcos89/Desktop/Bootcamp_Data/DIVA_DIGITAL_Proyecto Final/imagenes_descargadas/IMG_132.jpg
POST_97,2025-03-13,IMG_97.jpg,/Users/n.arcos89/Desktop/Bootcamp_Data/DIVA_DIGITAL_Proyecto Final/imagenes_descargadas/IMG_97.jpg
POST_111,2025-03-14,IMG_111.jpg,/Users/n.arcos89/Desktop/Bootcamp_Data/DIVA_DIGITAL_Proyecto Final/imagenes_descargadas/IMG_111.jpg
POST_109,2025-03-14,IMG_109.jpg,/Users/n.arcos89/Desktop/Bootcamp_Data/DIVA_DIGITAL_Proyecto Final/imagenes_descargadas/IMG_109.jpg
POST_68,2025-03-15,IMG_68.jpg,/Users/n.arcos89/Desktop/Bootcamp_Data/DIVA_DIGITAL_Proyecto Final/imagenes_descargadas/IMG_68.jpg
POST_91,2025-03-17,IMG_91.jpg,/Users/n.arcos89/Desktop/Bootcamp_Data/DIVA_DIGITAL_Proyecto Final/imagenes_descargadas/IMG_91.jpg
POST_195,2025-03-18,IMG_195.jpg,/Users/n.arcos89/Desktop/Bootcamp_Data/DIVA_DIGITAL_Proyecto Final/imagenes_descargadas/IMG_195.jpg
POST_41,2025-03-18,IMG_41.jpg,/Users/n.arcos89/Desktop/Bootcamp_Data/DIVA_DIGITAL_Proyecto Final/imagenes_descargadas/IMG_41.jpg
POST_128,2025-03-20,IMG_128.jpg,/Users/n.arcos89/Desktop/Bootcamp_Data/DIVA_DIGITAL_Proyecto Final/imagenes_descargadas/IMG_128.jpg
POST_180,2025-03-21,IMG_180.jpg,/Users/n.arcos89/Desktop/Bootcamp_Data/DIVA_DIGITAL_Proyecto Final/imagenes_descargadas/IMG_180.jpg
POST_158,2025-03-22,IMG_158.jpg,/Users/n.arcos89/Desktop/Bootcamp_Data/DIVA_DIGITAL_Proyecto Final/imagenes_descargadas/IMG_158.jpg
POST_102,2025-03-23,IMG_102.jpg,/Users/n.arcos89/Desktop/Bootcamp_Data/DIVA_DIGITAL_Proyecto Final/imagenes_descargadas/IMG_102.jpg
POST_28,2025-03-23,IMG_28.jpg,/Users/n.arcos89/Desktop/Bootcamp_Data/DIVA_DIGITAL_Proyecto Final/imagenes_descargadas/IMG_28.jpg
POST_1,2025-03-25,IMG_1.jpg,/Users/n.arcos89/Desktop/Bootcamp_Data/DIVA_DIGITAL_Proyecto Final/imagenes_descargadas/IMG_1.jpg
POST_173,2025-03-25,IMG_173.jpg,/Users/n.arcos89/Desktop/Bootcamp_Data/DIVA_DIGITAL_Proyecto Final/imagenes_descargadas/IMG_173.jpg
POST_54,2025-03-26,IMG_54.jpg,/Users/n.arcos89/Desktop/Bootcamp_Data/DIVA_DIGITAL_Proyecto Final/imagenes_descargadas/IMG_54.jpg
POST_162,2025-03-28,IMG_162.jpg,/Users/n.arcos89/Desktop/Bootcamp_Data/DIVA_DIGITAL_Proyecto Final/imagenes_descargadas/IMG_162.jpg
POST_35,2025-03-28,IMG_35.jpg,/Users/n.arcos89/Desktop/Bootcamp_Data/DIVA_DIGITAL_Proyecto Final/imagenes_descargadas/IMG_35.jpg
POST_182,2025-03-29,IMG_182.jpg,/Users/n.arcos89/Desktop/Bootcamp_Data/DIVA_DIGITAL_Proyecto Final/imagenes_descargadas/IMG_182.jpg
POST_104,2025-03-31,IMG_104.jpg,/Users/n.arcos89/Desktop/Bootcamp_Data/DIVA_DIGITAL_Proyecto Final/imagenes_descargadas/IMG_104.jpg
POST_129,2025-04-01,IMG_129.jpg,/Users/n.arcos89/Desktop/Bootcamp_Data/DIVA_DIGITAL_Proyecto Final/imagenes_descargadas/IMG_129.jpg
POST_159,2025-04-01,IMG_159.jpg,/Users/n.arcos89/Desktop/Bootcamp_Data/DIVA_DIGITAL_Proyecto Final/imagenes_descargadas/IMG_159.jpg
POST_172,2025-04-03,IMG_172.jpg,/Users/n.arcos89/Desktop/Bootcamp_Data/DIVA_DIGITAL_Proyecto Final/imagenes_descargadas/IMG_172.jpg
POST_48,2025-04-04,IMG_48.jpg,/Users/n.arcos89/Desktop/Bootcamp_Data/DIVA_DIGITAL_Proyecto Final/imagenes_descargadas/IMG_48.jpg
POST_181,2025-04-04,IMG_181.jpg,/Users/n.arcos89/Desktop/Bootcamp_Data/DIVA_DIGITAL_Proyecto Final/imagenes_descargadas/IMG_181.jpg
POST_146,2025-04-05,IMG_146.jpg,/Users/n.arcos89/Desktop/Bootcamp_Data/DIVA_DIGITAL_Proyecto Final/imagenes_descargadas/IMG_146.jpg
POST_198,2025-04-07,IMG_198.jpg,/Users/n.arcos89/Desktop/Bootcamp_Data/DIVA_DIGITAL_Proyecto Final/imagenes_descargadas/IMG_198.jpg
POST_60,2025-04-07,IMG_60.jpg,/Users/n.arcos89/Desktop/Bootcamp_Data/DIVA_DIGITAL_Proyecto Final/imagenes_descargadas/IMG_60.jpg
POST_183,2025-04-08,IMG_183.jpg,/Users/n.arcos89/Desktop/Bootcamp_Data/DIVA_DIGITAL_Proyecto Final/imagenes_descargadas/IMG_183.jpg
POST_124,2025-04-09,IMG_124.jpg,/Users/n.arcos89/Desktop/Bootcamp_Data/DIVA_DIGITAL_Proyecto Final/imagenes_descargadas/IMG_124.jpg
POST_200,2025-04-10,IMG_200.jpg,/Users/n.arcos89/Desktop/Bootcamp_Data/DIVA_DIGITAL_Proyecto Final/imagenes_descargadas/IMG_200.jpg
POST_94,2025-04-10,IMG_94.jpg,/Users/n.arcos89/Desktop/Bootcamp_Data/DIVA_DIGITAL_Proyecto Final/imagenes_descargadas/IMG_94.jpg
POST_138,2025-04-12,IMG_138.jpg,/Users/n.arcos89/Desktop/Bootcamp_Data/DIVA_DIGITAL_Proyecto Final/imagenes_descargadas/IMG_138.jpg
POST_176,2025-04-12,IMG_176.jpg,/Users/n.arcos89/Desktop/Bootcamp_Data/DIVA_DIGITAL_Proyecto Final/imagenes_descargadas/IMG_176.jpg
POST_45,2025-04-13,IMG_45.jpg,/Users/n.arcos89/Desktop/Bootcamp_Data/DIVA_DIGITAL_Proyecto Final/imagenes_descargadas/IMG_45.jpg
POST_105,2025-04-14,IMG_105.jpg,/Users/n.arcos89/Desktop/Bootcamp_Data/DIVA_DIGITAL_Proyecto Final/imagenes_descargadas/IMG_105.jpg
POST_30,2025-04-15,IMG_30.jpg,/Users/n.arcos89/Desktop/Bootcamp_Data/DIVA_DIGITAL_Proyecto Final/imagenes_descargadas/IMG_30.jpg
POST_76,2025-04-17,IMG_76.jpg,/Users/n.arcos89/Desktop/Bootcamp_Data/DIVA_DIGITAL_Proyecto Final/imagenes_descargadas/IMG_76.jpg
POST_20,2025-04-17,IMG_20.jpg,/Users/n.arcos89/Desktop/Bootcamp_Data/DIVA_DIGITAL_Proyecto Final/imagenes_descargadas/IMG_20.jpg
POST_40,2025-04-17,IMG_40.jpg,/Users/n.arcos89/Desktop/Bootcamp_Data/DIVA_DIGITAL_Proyecto Final/imagenes_descargadas/IMG_40.jpg
POST_27,2025-04-19,IMG_27.jpg,/Users/n.arcos89/Desktop/Bootcamp_Data/DIVA_DIGITAL_Proyecto Final/imagenes_descargadas/IMG_27.jpg
POST_86,2025-04-19,IMG_86.jpg,/Users/n.arcos89/Desktop/Bootcamp_Data/DIVA_DIGITAL_Proyecto Final/imagenes_descargadas/IMG_86.jpg
POST_160,2025-04-20,IMG_160.jpg,/Users/n.arcos89/Desktop/Bootcamp_Data/DIVA_DIGITAL_Proyecto Final/imagenes_descargadas/IMG_160.jpg
POST_188,2025-04-22,IMG_188.jpg,/Users/n.arcos89/Desktop/Bootcamp_Data/DIVA_DIGITAL_Proyecto Final/imagenes_descargadas/IMG_188.jpg
POST_71,2025-04-22,IMG_71.jpg,/Users/n.arcos89/Desktop/Bootcamp_Data/DIVA_DIGITAL_Proyecto Final/imagenes_descargadas/IMG_71.jpg
POST_26,2025-04-23,IMG_26.jpg,/Users/n.arcos89/Desktop/Bootcamp_Data/DIVA_DIGITAL_Proyecto Final/imagenes_descargadas/IMG_26.jpg
POST_134,2025-04-24,IMG_134.jpg,/Users/n.arcos89/Desktop/Bootcamp_Data/DIVA_DIGITAL_Proyecto Final/imagenes_descargadas/IMG_134.jpg
POST_50,2025-04-25,IMG_50.jpg,/Users/n.arcos89/Desktop/Bootcamp_Data/DIVA_DIGITAL_Proyecto Final/imagenes_descargadas/IMG_50.jpg
POST_4,2025-04-25,IMG_4.jpg,/Users/n.arcos89/Desktop/Bootcamp_Data/DIVA_DIGITAL_Proyecto Final/imagenes_descargadas/IMG_4.jpg
POST_186,2025-04-27,IMG_186.jpg,/Users/n.arcos89/Desktop/Bootcamp_Data/DIVA_DIGITAL_Proyecto Final/imagenes_descargadas/IMG_186.jpg
POST_10,2025-04-29,IMG_10.jpg,/Users/n.arcos89/Desktop/Bootcamp_Data/DIVA_DIGITAL_Proyecto Final/imagenes_descargadas/IMG_10.jpg
POST_67,2025-04-30,IMG_67.jpg,/Users/n.arcos89/Desktop/Bootcamp_Data/DIVA_DIGITAL_Proyecto Final/imagenes_descargadas/IMG_67.jpg
POST_116,2025-05-03,IMG_116.jpg,/Users/n.arcos89/Desktop/Bootcamp_Data/DIVA_DIGITAL_Proyecto Final/imagenes_descargadas/IMG_116.jpg
POST_154,2025-05-04,IMG_154.jpg,/Users/n.arcos89/Desktop/Bootcamp_Data/DIVA_DIGITAL_Proyecto Final/imagenes_descargadas/IMG_154.jpg
POST_184,2025-05-05,IMG_184.jpg,/Users/n.arcos89/Desktop/Bootcamp_Data/DIVA_DIGITAL_Proyecto Final/imagenes_descargadas/IMG_184.jpg
POST_126,2025-05-07,IMG_126.jpg,/Users/n.arcos89/Desktop/Bootcamp_Data/DIVA_DIGITAL_Proyecto Final/imagenes_descargadas/IMG_126.jpg
POST_151,2025-05-09,IMG_151.jpg,/Users/n.arcos89/Desktop/Bootcamp_Data/DIVA_DIGITAL_Proyecto Final/imagenes_descargadas/IMG_151.jpg
POST_92,2025-05-11,IMG_92.jpg,/Users/n.arcos89/Desktop/Bootcamp_Data/DIVA_DIGITAL_Proyecto Final/imagenes_descargadas/IMG_92.jpg
POST_8,2025-05-13,IMG_8.jpg,/Users/n.arcos89/Desktop/Bootcamp_Data/DIVA_DIGITAL_Proyecto Final/imagenes_descargadas/IMG_8.jpg
POST_119,2025-05-15,IMG_119.jpg,/Users/n.arcos89/Desktop/Bootcamp_Data/DIVA_DIGITAL_Proyecto Final/imagenes_descargadas/IMG_119.jpg
POST_70,2025-05-17,IMG_70.jpg,/Users/n.arcos89/Desktop/Bootcamp_Data/DIVA_DIGITAL_Proyecto Final/imagenes_descargadas/IMG_70.jpg
POST_83,2025-05-17,IMG_83.jpg,/Users/n.arcos89/Desktop/Bootcamp_Data/DIVA_DIGITAL_Proyecto Final/imagenes_descargadas/IMG_83.jpg
POST_167,2025-05-19,IMG_167.jpg,/Users/n.arcos89/Desktop/Bootcamp_Data/DIVA_DIGITAL_Proyecto Final/imagenes_descargadas/IMG_167.jpg
POST_77,2025-05-21,IMG_77.jpg,/Users/n.arcos89/Desktop/Bootcamp_Data/DIVA_DIGITAL_Proyecto Final/imagenes_descargadas/IMG_77.jpg
POST_56,2025-05-21,IMG_56.jpg,/Users/n.arcos89/Desktop/Bootcamp_Data/DIVA_DIGITAL_Proyecto Final/imagenes_descargadas/IMG_56.jpg
POST_2,2025-05-23,IMG_2.jpg,/Users/n.arcos89/Desktop/Bootcamp_Data/DIVA_DIGITAL_Proyecto Final/imagenes_descargadas/IMG_2.jpg
POST_100,2025-05-24,IMG_100.jpg,/Users/n.arcos89/Desktop/Bootcamp_Data/DIVA_DIGITAL_Proyecto Final/imagenes_descargadas/IMG_100.jpg
POST_137,2025-05-26,IMG_137.jpg,/Users/n.arcos89/Desktop/Bootcamp_Data/DIVA_DIGITAL_Proyecto Final/imagenes_descargadas/IMG_137.jpg
POST_58,2025-05-28,IMG_58.jpg,/Users/n.arcos89/Desktop/Bootcamp_Data/DIVA_DIGITAL_Proyecto Final/imagenes_descargadas/IMG_58.jpg
POST_110,2025-05-29,IMG_110.jpg,/Users/n.arcos89/Desktop/Bootcamp_Data/DIVA_DIGITAL_Proyecto Final/imagenes_descargadas/IMG_110.jpg
POST_152,2025-05-31,IMG_152.jpg,/Users/n.arcos89/Desktop/Bootcamp_Data/DIVA_DIGITAL_Proyecto Final/imagenes_descargadas/IMG_152.jpg
POST_23,2025-06-01,IMG_23.jpg,/Users/n.arcos89/Desktop/Bootcamp_Data/DIVA_DIGITAL_Proyecto Final/imagenes_descargadas/IMG_23.jpg
POST_9,2025-06-03,IMG_9.jpg,/Users/n.arcos89/Desktop/Bootcamp_Data/DIVA_DIGITAL_Proyecto Final/imagenes_descargadas/IMG_9.jpg
POST_140,2025-06-05,IMG_140.jpg,/Users/n.arcos89/Desktop/Bootcamp_Data/DIVA_DIGITAL_Proyecto Final/imagenes_descargadas/IMG_140.jpg
POST_65,2025-06-07,IMG_65.jpg,/Users/n.arcos89/Desktop/Bootcamp_Data/DIVA_DIGITAL_Proyecto Final/imagenes_descargadas/IMG_65.jpg
POST_131,2025-06-07,IMG_131.jpg,/Users/n.arcos89/Desktop/Bootcamp_Data/DIVA_DIGITAL_Proyecto Final/imagenes_descargadas/IMG_131.jpg
POST_120,2025-06-09,IMG_120.jpg,/Users/n.arcos89/Desktop/Bootcamp_Data/DIVA_DIGITAL_Proyecto Final/imagenes_descargadas/IMG_120.jpg
POST_13,2025-06-10,IMG_13.jpg,/Users/n.arcos89/Desktop/Bootcamp_Data/DIVA_DIGITAL_Proyecto Final/imagenes_descargadas/IMG_13.jpg
POST_192,2025-06-12,IMG_192.jpg,/Users/n.arcos89/Desktop/Bootcamp_Data/DIVA_DIGITAL_Proyecto Final/imagenes_descargadas/IMG_192.jpg
POST_33,2025-06-14,IMG_33.jpg,/Users/n.arcos89/Desktop/Bootcamp_Data/DIVA_DIGITAL_Proyecto Final/imagenes_descargadas/IMG_33.jpg
POST_96,2025-06-16,IMG_96.jpg,/Users/n.arcos89/Desktop/Bootcamp_Data/DIVA_DIGITAL_Proyecto Final/imagenes_descargadas/IMG_96.jpg
POST_32,2025-06-16,IMG_32.jpg,/Users/n.arcos89/Desktop/Bootcamp_Data/DIVA_DIGITAL_Proyecto Final/imagenes_descargadas/IMG_32.jpg
POST_6,2025-06-20,IMG_6.jpg,/Users/n.arcos89/Desktop/Bootcamp_Data/DIVA_DIGITAL_Proyecto Final/imagenes_descargadas/IMG_6.jpg
POST_18,2025-06-20,IMG_18.jpg,/Users/n.arcos89/Desktop/Bootcamp_Data/DIVA_DIGITAL_Proyecto Final/imagenes_descargadas/IMG_18.jpg
POST_149,2025-06-23,IMG_149.jpg,/Users/n.arcos89/Desktop/Bootcamp_Data/DIVA_DIGITAL_Proyecto Final/imagenes_descargadas/IMG_149.jpg
POST_117,2025-06-23,IMG_117.jpg,/Users/n.arcos89/Desktop/Bootcamp_Data/DIVA_DIGITAL_Proyecto Final/imagenes_descargadas/IMG_117.jpg
POST_15,2025-06-26,IMG_15.jpg,/Users/n.arcos89/Desktop/Bootcamp_Data/DIVA_DIGITAL_Proyecto Final/imagenes_descargadas/IMG_15.jpg
POST_75,2025-06-27,IMG_75.jpg,/Users/n.arcos89/Desktop/Bootcamp_Data/DIVA_DIGITAL_Proyecto Final/imagenes_descargadas/IMG_75.jpg
POST_125,2025-06-29,IMG_125.jpg,/Users/n.arcos89/Desktop/Bootcamp_Data/DIVA_DIGITAL_Proyecto Final/imagenes_descargadas/IMG_125.jpg
POST_80,2025-06-29,IMG_80.jpg,/Users/n.arcos89/Desktop/Bootcamp_Data/DIVA_DIGITAL_Proyecto Final/imagenes_descargadas/IMG_80.jpg
POST_16,2025-07-01,IMG_16.jpg,/Users/n.arcos89/Desktop/Bootcamp_Data/DIVA_DIGITAL_Proyecto Final/imagenes_descargadas/IMG_16.jpg
POST_57,2025-07-01,IMG_57.jpg,/Users/n.arcos89/Desktop/Bootcamp_Data/DIVA_DIGITAL_Proyecto Final/imagenes_descargadas/IMG_57.jpg
POST_106,2025-07-04,IMG_106.jpg,/Users/n.arcos89/Desktop/Bootcamp_Data/DIVA_DIGITAL_Proyecto Final/imagenes_descargadas/IMG_106.jpg
POST_194,2025-07-05,IMG_194.jpg,/Users/n.arcos89/Desktop/Bootcamp_Data/DIVA_DIGITAL_Proyecto Final/imagenes_descargadas/IMG_194.jpg
POST_163,2025-07-07,IMG_163.jpg,/Users/n.arcos89/Desktop/Bootcamp_Data/DIVA_DIGITAL_Proyecto Final/imagenes_descargadas/IMG_163.jpg
POST_82,2025-07-07,IMG_82.jpg,/Users/n.arcos89/Desktop/Bootcamp_Data/DIVA_DIGITAL_Proyecto Final/imagenes_descargadas/IMG_82.jpg
POST_169,2025-07-09,IMG_169.jpg,/Users/n.arcos89/Desktop/Bootcamp_Data/DIVA_DIGITAL_Proyecto Final/imagenes_descargadas/IMG_169.jpg
POST_24,2025-07-11,IMG_24.jpg,/Users/n.arcos89/Desktop/Bootcamp_Data/DIVA_DIGITAL_Proyecto Final/imagenes_descargadas/IMG_24.jpg
POST_46,2025-07-13,IMG_46.jpg,/Users/n.arcos89/Desktop/Bootcamp_Data/DIVA_DIGITAL_Proyecto Final/imagenes_descargadas/IMG_46.jpg
POST_84,2025-07-13,IMG_84.jpg,/Users/n.arcos89/Desktop/Bootcamp_Data/DIVA_DIGITAL_Proyecto Final/imagenes_descargadas/IMG_84.jpg
POST_52,2025-07-15,IMG_52.jpg,/Users/n.arcos89/Desktop/Bootcamp_Data/DIVA_DIGITAL_Proyecto Final/imagenes_descargadas/IMG_52.jpg
POST_130,2025-07-17,IMG_130.jpg,/Users/n.arcos89/Desktop/Bootcamp_Data/DIVA_DIGITAL_Proyecto Final/imagenes_descargadas/IMG_130.jpg
POST_21,2025-07-18,IMG_21.jpg,/Users/n.arcos89/Desktop/Bootcamp_Data/DIVA_DIGITAL_Proyecto Final/imagenes_descargadas/IMG_21.jpg
POST_107,2025-07-19,IMG_107.jpg,/Users/n.arcos89/Desktop/Bootcamp_Data/DIVA_DIGITAL_Proyecto Final/imagenes_descargadas/IMG_107.jpg
POST_179,2025-07-20,IMG_179.jpg,/Users/n.arcos89/Desktop/Bootcamp_Data/DIVA_DIGITAL_Proyecto Final/imagenes_descargadas/IMG_179.jpg
POST_29,2025-07-23,IMG_29.jpg,/Users/n.arcos89/Desktop/Bootcamp_Data/DIVA_DIGITAL_Proyecto Final/imagenes_descargadas/IMG_29.jpg
POST_150,2025-07-23,IMG_150.jpg,/Users/n.arcos89/Desktop/Bootcamp_Data/DIVA_DIGITAL_Proyecto Final/imagenes_descargadas/IMG_150.jpg
POST_88,2025-07-26,IMG_88.jpg,/Users/n.arcos89/Desktop/Bootcamp_Data/DIVA_DIGITAL_Proyecto Final/imagenes_descargadas/IMG_88.jpg
POST_164,2025-07-26,IMG_164.jpg,/Users/n.arcos89/Desktop/Bootcamp_Data/DIVA_DIGITAL_Proyecto Final/imagenes_descargadas/IMG_164.jpg
POST_74,2025-07-28,IMG_74.jpg,/Users/n.arcos89/Desktop/Bootcamp_Data/DIVA_DIGITAL_Proyecto Final/imagenes_descargadas/IMG_74.jpg
POST_93,2025-07-29,IMG_93.jpg,/Users/n.arcos89/Desktop/Bootcamp_Data/DIVA_DIGITAL_Proyecto Final/imagenes_descargadas/IMG_93.jpg
POST_189,2025-07-31,IMG_189.jpg,/Users/n.arcos89/Desktop/Bootcamp_Data/DIVA_DIGITAL_Proyecto Final/imagenes_descargadas/IMG_189.jpg
POST_153,2025-08-01,IMG_153.jpg,/Users/n.arcos89/Desktop/Bootcamp_Data/DIVA_DIGITAL_Proyecto Final/imagenes_descargadas/IMG_153.jpg
