id_post,Fecha,Imagen,Ruta,URL_Publica
POST_98,2024-08-05,IMG_98.jpg,/Users/n.arcos89/Desktop/Bootcamp_Data/DIVA_DIGITAL_Proyecto Final/imagenes_descargadas/IMG_98.jpg,https://drive.google.com/uc?id=198ABC98XYZ98
POST_190,2024-08-08,IMG_190.jpg,/Users/n.arcos89/Desktop/Bootcamp_Data/DIVA_DIGITAL_Proyecto Final/imagenes_descargadas/IMG_190.jpg,https://drive.google.com/uc?id=1190ABC190XYZ190
POST_38,2024-08-12,IMG_38.jpg,/Users/n.arcos89/Desktop/Bootcamp_Data/DIVA_DIGITAL_Proyecto Final/imagenes_descargadas/IMG_38.jpg,https://drive.google.com/uc?id=138ABC38XYZ38
POST_73,2024-08-14,IMG_73.jpg,/Users/n.arcos89/Desktop/Bootcamp_Data/DIVA_DIGITAL_Proyecto Final/imagenes_descargadas/IMG_73.jpg,https://drive.google.com/uc?id=173ABC73XYZ73
POST_44,2024-08-16,IMG_44.jpg,/Users/n.arcos89/Desktop/Bootcamp_Data/DIVA_DIGITAL_Proyecto Final/imagenes_descargadas/IMG_44.jpg,https://drive.google.com/uc?id=144ABC44XYZ44
POST_95,2024-08-19,IMG_95.jpg,/Users/n.arcos89/Desktop/Bootcamp_Data/DIVA_DIGITAL_Proyecto Final/imagenes_descargadas/IMG_95.jpg,https://drive.google.com/uc?id=195ABC95XYZ95
POST_42,2024-08-22,IMG_42.jpg,/Users/n.arcos89/Desktop/Bootcamp_Data/DIVA_DIGITAL_Proyecto Final/imagenes_descargadas/IMG_42.jpg,https://drive.google.com/uc?id=142ABC42XYZ42
POST_59,2024-08-24,IMG_59.jpg,/Users/n.arcos89/Desktop/Bootcamp_Data/DIVA_DIGITAL_Proyecto Final/imagenes_descargadas/IMG_59.jpg,https://drive.google.com/uc?id=159ABC59XYZ59
POST_112,2024-08-28,IMG_112.jpg,/Users/n.arcos89/Desktop/Bootcamp_Data/DIVA_DIGITAL_Proyecto Final/imagenes_descargadas/IMG_112.jpg,https://drive.google.com/uc?id=1112ABC112XYZ112
POST_17,2024-08-30,IMG_17.jpg,/Users/n.arcos89/Desktop/Bootcamp_Data/DIVA_DIGITAL_Proyecto Final/imagenes_descargadas/IMG_17.jpg,https://drive.google.com/uc?id=117ABC17XYZ17
POST_168,2024-09-02,IMG_168.jpg,/Users/n.arcos89/Desktop/Bootcamp_Data/DIVA_DIGITAL_Proyecto Final/imagenes_descargadas/IMG_168.jpg,https://drive.google.com/uc?id=1168ABC168XYZ168
POST_193,2024-09-04,IMG_193.jpg,/Users/n.arcos89/Desktop/Bootcamp_Data/DIVA_DIGITAL_Proyecto Final/imagenes_descargadas/IMG_193.jpg,https://drive.google.com/uc?id=1193ABC193XYZ193
POST_122,2024-09-07,IMG_122.jpg,/Users/n.arcos89/Desktop/Bootcamp_Data/DIVA_DIGITAL_Proyecto Final/imagenes_descargadas/IMG_122.jpg,https://drive.google.com/uc?id=1122ABC122XYZ122
POST_196,2024-09-09,IMG_196.jpg,/Users/n.arcos89/Desktop/Bootcamp_Data/DIVA_DIGITAL_Proyecto Final/imagenes_descargadas/IMG_196.jpg,https://drive.google.com/uc?id=1196ABC196XYZ196
POST_90,2024-09-12,IMG_90.jpg,/Users/n.arcos89/Desktop/Bootcamp_Data/DIVA_DIGITAL_Proyecto Final/imagenes_descargadas/IMG_90.jpg,https://drive.google.com/uc?id=190ABC90XYZ90
POST_191,2024-09-15,IMG_191.jpg,/Users/n.arcos89/Desktop/Bootcamp_Data/DIVA_DIGITAL_Proyecto Final/imagenes_descargadas/IMG_191.jpg,https://drive.google.com/uc?id=1191ABC191XYZ191
POST_133,2024-09-18,IMG_133.jpg,/Users/n.arcos89/Desktop/Bootcamp_Data/DIVA_DIGITAL_Proyecto Final/imagenes_descargadas/IMG_133.jpg,https://drive.google.com/uc?id=1133ABC133XYZ133
POST_141,2024-09-20,IMG_141.jpg,/Users/n.arcos89/Desktop/Bootcamp_Data/DIVA_DIGITAL_Proyecto Final/imagenes_descargadas/IMG_141.jpg,https://drive.google.com/uc?id=1141ABC141XYZ141
POST_115,2024-09-23,IMG_115.jpg,/Users/n.arcos89/Desktop/Bootcamp_Data/DIVA_DIGITAL_Proyecto Final/imagenes_descargadas/IMG_115.jpg,https://drive.google.com/uc?id=1115ABC115XYZ115
POST_165,2024-09-27,IMG_165.jpg,/Users/n.arcos89/Desktop/Bootcamp_Data/DIVA_DIGITAL_Proyecto Final/imagenes_descargadas/IMG_165.jpg,https://drive.google.com/uc?id=1165ABC165XYZ165
POST_171,2024-10-01,IMG_171.jpg,/Users/n.arcos89/Desktop/Bootcamp_Data/DIVA_DIGITAL_Proyecto Final/imagenes_descargadas/IMG_171.jpg,https://drive.google.com/uc?id=1171ABC171XYZ171
POST_103,2024-10-05,IMG_103.jpg,/Users/n.arcos89/Desktop/Bootcamp_Data/DIVA_DIGITAL_Proyecto Final/imagenes_descargadas/IMG_103.jpg,https://drive.google.com/uc?id=1103ABC103XYZ103
POST_175,2024-10-09,IMG_175.jpg,/Users/n.arcos89/Desktop/Bootcamp_Data/DIVA_DIGITAL_Proyecto Final/imagenes_descargadas/IMG_175.jpg,https://drive.google.com/uc?id=1175ABC175XYZ175
POST_7,2024-10-13,IMG_7.jpg,/Users/n.arcos89/Desktop/Bootcamp_Data/DIVA_DIGITAL_Proyecto Final/imagenes_descargadas/IMG_7.jpg,https://drive.google.com/uc?id=17ABC7XYZ7
POST_5,2024-10-15,IMG_5.jpg,/Users/n.arcos89/Desktop/Bootcamp_Data/DIVA_DIGITAL_Proyecto Final/imagenes_descargadas/IMG_5.jpg,https://drive.google.com/uc?id=15ABC5XYZ5
POST_37,2024-10-18,IMG_37.jpg,/Users/n.arcos89/Desktop/Bootcamp_Data/DIVA_DIGITAL_Proyecto Final/imagenes_descargadas/IMG_37.jpg,https://drive.google.com/uc?id=137ABC37XYZ37
POST_187,2024-10-20,IMG_187.jpg,/Users/n.arcos89/Desktop/Bootcamp_Data/DIVA_DIGITAL_Proyecto Final/imagenes_descargadas/IMG_187.jpg,https://drive.google.com/uc?id=1187ABC187XYZ187
POST_155,2024-10-23,IMG_155.jpg,/Users/n.arcos89/Desktop/Bootcamp_Data/DIVA_DIGITAL_Proyecto Final/imagenes_descargadas/IMG_155.jpg,https://drive.google.com/uc?id=1155ABC155XYZ155
POST_72,2024-10-27,IMG_72.jpg,/Users/n.arcos89/Desktop/Bootcamp_Data/DIVA_DIGITAL_Proyecto Final/imagenes_descargadas/IMG_72.jpg,https://drive.google.com/uc?id=172ABC72XYZ72
POST_3,2024-10-29,IMG_3.jpg,/Users/n.arcos89/Desktop/Bootcamp_Data/DIVA_DIGITAL_Proyecto Final/imagenes_descargadas/IMG_3.jpg,https://drive.google.com/uc?id=13ABC3XYZ3
POST_178,2024-11-02,IMG_178.jpg,/Users/n.arcos89/Desktop/Bootcamp_Data/DIVA_DIGITAL_Proyecto Final/imagenes_descargadas/IMG_178.jpg,https://drive.google.com/uc?id=1178ABC178XYZ178
POST_148,2024-11-05,IMG_148.jpg,/Users/n.arcos89/Desktop/Bootcamp_Data/DIVA_DIGITAL_Proyecto Final/imagenes_descargadas/IMG_148.jpg,https://drive.google.com/uc?id=1148ABC148XYZ148
POST_81,2024-11-08,IMG_81.jpg,/Users/n.arcos89/Desktop/Bootcamp_Data/DIVA_DIGITAL_Proyecto Final/imagenes_descargadas/IMG_81.jpg,https://drive.google.com/uc?id=181ABC81XYZ81
POST_66,2024-11-12,IMG_66.jpg,/Users/n.arcos89/Desktop/Bootcamp_Data/DIVA_DIGITAL_Proyecto Final/imagenes_descargadas/IMG_66.jpg,https://drive.google.com/uc?id=166ABC66XYZ66
POST_79,2024-11-14,IMG_79.jpg,/Users/n.arcos89/Desktop/Bootcamp_Data/DIVA_DIGITAL_Proyecto Final/imagenes_descargadas/IMG_79.jpg,https://drive.google.com/uc?id=179ABC79XYZ79
POST_34,2024-11-16,IMG_34.jpg,/Users/n.arcos89/Desktop/Bootcamp_Data/DIVA_DIGITAL_Proyecto Final/imagenes_descargadas/IMG_34.jpg,https://drive.google.com/uc?id=134ABC34XYZ34
POST_135,2024-11-20,IMG_135.jpg,/Users/n.arcos89/Desktop/Bootcamp_Data/DIVA_DIGITAL_Proyecto Final/imagenes_descargadas/IMG_135.jpg,https://drive.google.com/uc?id=1135ABC135XYZ135
POST_177,2024-11-23,IMG_177.jpg,/Users/n.arcos89/Desktop/Bootcamp_Data/DIVA_DIGITAL_Proyecto Final/imagenes_descargadas/IMG_177.jpg,https://drive.google.com/uc?id=1177ABC177XYZ177
POST_25,2024-11-26,IMG_25.jpg,/Users/n.arcos89/Desktop/Bootcamp_Data/DIVA_DIGITAL_Proyecto Final/imagenes_descargadas/IMG_25.jpg,https://drive.google.com/uc?id=125ABC25XYZ25
POST_108,2024-11-29,IMG_108.jpg,/Users/n.arcos89/Desktop/Bootcamp_Data/DIVA_DIGITAL_Proyecto Final/imagenes_descargadas/IMG_108.jpg,https://drive.google.com/uc?id=1108ABC108XYZ108
POST_62,2024-12-02,IMG_62.jpg,/Users/n.arcos89/Desktop/Bootcamp_Data/DIVA_DIGITAL_Proyecto Final/imagenes_descargadas/IMG_62.jpg,https://drive.google.com/uc?id=162ABC62XYZ62
POST_161,2024-12-04,IMG_161.jpg,/Users/n.arcos89/Desktop/Bootcamp_Data/DIVA_DIGITAL_Proyecto Final/imagenes_descargadas/IMG_161.jpg,https://drive.google.com/uc?id=1161ABC161XYZ161
POST_39,2024-12-06,IMG_39.jpg,/Users/n.arcos89/Desktop/Bootcamp_Data/DIVA_DIGITAL_Proyecto Final/imagenes_descargadas/IMG_39.jpg,https://drive.google.com/uc?id=139ABC39XYZ39
POST_19,2024-12-08,IMG_19.jpg,/Users/n.arcos89/Desktop/Bootcamp_Data/DIVA_DIGITAL_Proyecto Final/imagenes_descargadas/IMG_19.jpg,https://drive.google.com/uc?id=119ABC19XYZ19
POST_199,2024-12-12,IMG_199.jpg,/Users/n.arcos89/Desktop/Bootcamp_Data/DIVA_DIGITAL_Proyecto Final/imagenes_descargadas/IMG_199.jpg,https://drive.google.com/uc?id=1199ABC199XYZ199
POST_12,2024-12-15,IMG_12.jpg,/Users/n.arcos89/Desktop/Bootcamp_Data/DIVA_DIGITAL_Proyecto Final/imagenes_descargadas/IMG_12.jpg,https://drive.google.com/uc?id=112ABC12XYZ12
POST_78,2024-12-17,IMG_78.jpg,/Users/n.arcos89/Desktop/Bootcamp_Data/DIVA_DIGITAL_Proyecto Final/imagenes_descargadas/IMG_78.jpg,https://drive.google.com/uc?id=178ABC78XYZ78
POST_85,2024-12-19,IMG_85.jpg,/Users/n.arcos89/Desktop/Bootcamp_Data/DIVA_DIGITAL_Proyecto Final/imagenes_descargadas/IMG_85.jpg,https://drive.google.com/uc?id=185ABC85XYZ85
POST_55,2024-12-22,IMG_55.jpg,/Users/n.arcos89/Desktop/Bootcamp_Data/DIVA_DIGITAL_Proyecto Final/imagenes_descargadas/IMG_55.jpg,https://drive.google.com/uc?id=155ABC55XYZ55
POST_63,2024-12-25,IMG_63.jpg,/Users/n.arcos89/Desktop/Bootcamp_Data/DIVA_DIGITAL_Proyecto Final/imagenes_descargadas/IMG_63.jpg,https://drive.google.com/uc?id=163ABC63XYZ63
POST_143,2024-12-28,IMG_143.jpg,/Users/n.arcos89/Desktop/Bootcamp_Data/DIVA_DIGITAL_Proyecto Final/imagenes_descargadas/IMG_143.jpg,https://drive.google.com/uc?id=1143ABC143XYZ143
POST_139,2024-12-30,IMG_139.jpg,/Users/n.arcos89/Desktop/Bootcamp_Data/DIVA_DIGITAL_Proyecto Final/imagenes_descargadas/IMG_139.jpg,https://drive.google.com/uc?id=1139ABC139XYZ139
POST_121,2025-01-01,IMG_121.jpg,/Users/n.arcos89/Desktop/Bootcamp_Data/DIVA_DIGITAL_Proyecto Final/imagenes_descargadas/IMG_121.jpg,https://drive.google.com/uc?id=1121ABC121XYZ121
POST_142,2025-01-03,IMG_142.jpg,/Users/n.arcos89/Desktop/Bootcamp_Data/DIVA_DIGITAL_Proyecto Final/imagenes_descargadas/IMG_142.jpg,https://drive.google.com/uc?id=1142ABC142XYZ142
POST_118,2025-01-05,IMG_118.jpg,/Users/n.arcos89/Desktop/Bootcamp_Data/DIVA_DIGITAL_Proyecto Final/imagenes_descargadas/IMG_118.jpg,https://drive.google.com/uc?id=1118ABC118XYZ118
POST_185,2025-01-08,IMG_185.jpg,/Users/n.arcos89/Desktop/Bootcamp_Data/DIVA_DIGITAL_Proyecto Final/imagenes_descargadas/IMG_185.jpg,https://drive.google.com/uc?id=1185ABC185XYZ185
POST_127,2025-01-12,IMG_127.jpg,/Users/n.arcos89/Desktop/Bootcamp_Data/DIVA_DIGITAL_Proyecto Final/imagenes_descargadas/IMG_127.jpg,https://drive.google.com/uc?id=1127ABC127XYZ127
POST_47,2025-01-14,IMG_47.jpg,/Users/n.arcos89/Desktop/Bootcamp_Data/DIVA_DIGITAL_Proyecto Final/imagenes_descargadas/IMG_47.jpg,https://drive.google.com/uc?id=147ABC47XYZ47
POST_36,2025-01-18,IMG_36.jpg,/Users/n.arcos89/Desktop/Bootcamp_Data/DIVA_DIGITAL_Proyecto Final/imagenes_descargadas/IMG_36.jpg,https://drive.google.com/uc?id=136ABC36XYZ36
POST_123,2025-01-20,IMG_123.jpg,/Users/n.arcos89/Desktop/Bootcamp_Data/DIVA_DIGITAL_Proyecto Final/imagenes_descargadas/IMG_123.jpg,https://drive.google.com/uc?id=1123ABC123XYZ123
POST_113,2025-01-23,IMG_113.jpg,/Users/n.arcos89/Desktop/Bootcamp_Data/DIVA_DIGITAL_Proyecto Final/imagenes_descargadas/IMG_113.jpg,https://drive.google.com/uc?id=1113ABC113XYZ113
POST_157,2025-01-25,IMG_157.jpg,/Users/n.arcos89/Desktop/Bootcamp_Data/DIVA_DIGITAL_Proyecto Final/imagenes_descargadas/IMG_157.jpg,https://drive.google.com/uc?id=1157ABC157XYZ157
POST_174,2025-01-27,IMG_174.jpg,/Users/n.arcos89/Desktop/Bootcamp_Data/DIVA_DIGITAL_Proyecto Final/imagenes_descargadas/IMG_174.jpg,https://drive.google.com/uc?id=1174ABC174XYZ174
POST_22,2025-01-31,IMG_22.jpg,/Users/n.arcos89/Desktop/Bootcamp_Data/DIVA_DIGITAL_Proyecto Final/imagenes_descargadas/IMG_22.jpg,https://drive.google.com/uc?id=122ABC22XYZ22
POST_136,2025-02-02,IMG_136.jpg,/Users/n.arcos89/Desktop/Bootcamp_Data/DIVA_DIGITAL_Proyecto Final/imagenes_descargadas/IMG_136.jpg,https://drive.google.com/uc?id=1136ABC136XYZ136
POST_147,2025-02-04,IMG_147.jpg,/Users/n.arcos89/Desktop/Bootcamp_Data/DIVA_DIGITAL_Proyecto Final/imagenes_descargadas/IMG_147.jpg,https://drive.google.com/uc?id=1147ABC147XYZ147
POST_11,2025-02-08,IMG_11.jpg,/Users/n.arcos89/Desktop/Bootcamp_Data/DIVA_DIGITAL_Proyecto Final/imagenes_descargadas/IMG_11.jpg,https://drive.google.com/uc?id=111ABC11XYZ11
POST_69,2025-02-12,IMG_69.jpg,/Users/n.arcos89/Desktop/Bootcamp_Data/DIVA_DIGITAL_Proyecto Final/imagenes_descargadas/IMG_69.jpg,https://drive.google.com/uc?id=169ABC69XYZ69
POST_64,2025-02-16,IMG_64.jpg,/Users/n.arcos89/Desktop/Bootcamp_Data/DIVA_DIGITAL_Proyecto Final/imagenes_descargadas/IMG_64.jpg,https://drive.google.com/uc?id=164ABC64XYZ64
POST_31,2025-02-18,IMG_31.jpg,/Users/n.arcos89/Desktop/Bootcamp_Data/DIVA_DIGITAL_Proyecto Final/imagenes_descargadas/IMG_31.jpg,https://drive.google.com/uc?id=131ABC31XYZ31
POST_87,2025-02-20,IMG_87.jpg,/Users/n.arcos89/Desktop/Bootcamp_Data/DIVA_DIGITAL_Proyecto Final/imagenes_descargadas/IMG_87.jpg,https://drive.google.com/uc?id=187ABC87XYZ87
POST_51,2025-02-21,IMG_51.jpg,/Users/n.arcos89/Desktop/Bootcamp_Data/DIVA_DIGITAL_Proyecto Final/imagenes_descargadas/IMG_51.jpg,https://drive.google.com/uc?id=151ABC51XYZ51
POST_144,2025-02-24,IMG_144.jpg,/Users/n.arcos89/Desktop/Bootcamp_Data/DIVA_DIGITAL_Proyecto Final/imagenes_descargadas/IMG_144.jpg,https://drive.google.com/uc?id=1144ABC144XYZ144
POST_49,2025-02-24,IMG_49.jpg,/Users/n.arcos89/Desktop/Bootcamp_Data/DIVA_DIGITAL_Proyecto Final/imagenes_descargadas/IMG_49.jpg,https://drive.google.com/uc?id=149ABC49XYZ49
POST_43,2025-02-26,IMG_43.jpg,/Users/n.arcos89/Desktop/Bootcamp_Data/DIVA_DIGITAL_Proyecto Final/imagenes_descargadas/IMG_43.jpg,https://drive.google.com/uc?id=143ABC43XYZ43
POST_156,2025-02-26,IMG_156.jpg,/Users/n.arcos89/Desktop/Bootcamp_Data/DIVA_DIGITAL_Proyecto Final/imagenes_descargadas/IMG_156.jpg,https://drive.google.com/uc?id=1156ABC156XYZ156
POST_61,2025-03-01,IMG_61.jpg,/Users/n.arcos89/Desktop/Bootcamp_Data/DIVA_DIGITAL_Proyecto Final/imagenes_descargadas/IMG_61.jpg,https://drive.google.com/uc?id=161ABC61XYZ61
POST_197,2025-03-02,IMG_197.jpg,/Users/n.arcos89/Desktop/Bootcamp_Data/DIVA_DIGITAL_Proyecto Final/imagenes_descargadas/IMG_197.jpg,https://drive.google.com/uc?id=1197ABC197XYZ197
POST_89,2025-03-02,IMG_89.jpg,/Users/n.arcos89/Desktop/Bootcamp_Data/DIVA_DIGITAL_Proyecto Final/imagenes_descargadas/IMG_89.jpg,https://drive.google.com/uc?id=189ABC89XYZ89
POST_101,2025-03-03,IMG_101.jpg,/Users/n.arcos89/Desktop/Bootcamp_Data/DIVA_DIGITAL_Proyecto Final/imagenes_descargadas/IMG_101.jpg,https://drive.google.com/uc?id=1101ABC101XYZ101
POST_145,2025-03-04,IMG_145.jpg,/Users/n.arcos89/Desktop/Bootcamp_Data/DIVA_DIGITAL_Proyecto Final/imagenes_descargadas/IMG_145.jpg,https://drive.google.com/uc?id=1145ABC145XYZ145
POST_170,2025-03-05,IMG_170.jpg,/Users/n.arcos89/Desktop/Bootcamp_Data/DIVA_DIGITAL_Proyecto Final/imagenes_descargadas/IMG_170.jpg,https://drive.google.com/uc?id=1170ABC170XYZ170
POST_14,2025-03-07,IMG_14.jpg,/Users/n.arcos89/Desktop/Bootcamp_Data/DIVA_DIGITAL_Proyecto Final/imagenes_descargadas/IMG_14.jpg,https://drive.google.com/uc?id=114ABC14XYZ14
POST_99,2025-03-08,IMG_99.jpg,/Users/n.arcos89/Desktop/Bootcamp_Data/DIVA_DIGITAL_Proyecto Final/imagenes_descargadas/IMG_99.jpg,https://drive.google.com/uc?id=199ABC99XYZ99
POST_114,2025-03-08,IMG_114.jpg,/Users/n.arcos89/Desktop/Bootcamp_Data/DIVA_DIGITAL_Proyecto Final/imagenes_descargadas/IMG_114.jpg,https://drive.google.com/uc?id=1114ABC114XYZ114
POST_166,2025-03-09,IMG_166.jpg,/Users/n.arcos89/Desktop/Bootcamp_Data/DIVA_DIGITAL_Proyecto Final/imagenes_descargadas/IMG_166.jpg,https://drive.google.com/uc?id=1166ABC166XYZ166
POST_53,2025-03-10,IMG_53.jpg,/Users/n.arcos89/Desktop/Bootcamp_Data/DIVA_DIGITAL_Proyecto Final/imagenes_descargadas/IMG_53.jpg,https://drive.google.com/uc?id=153ABC53XYZ53
POST_132,2025-03-12,IMG_132.jpg,/Users/n.arcos89/Desktop/Bootcamp_Data/DIVA_DIGITAL_Proyecto Final/imagenes_descargadas/IMG_132.jpg,https://drive.google.com/uc?id=1132ABC132XYZ132
POST_97,2025-03-13,IMG_97.jpg,/Users/n.arcos89/Desktop/Bootcamp_Data/DIVA_DIGITAL_Proyecto Final/imagenes_descargadas/IMG_97.jpg,https://drive.google.com/uc?id=197ABC97XYZ97
POST_111,2025-03-14,IMG_111.jpg,/Users/n.arcos89/Desktop/Bootcamp_Data/DIVA_DIGITAL_Proyecto Final/imagenes_descargadas/IMG_111.jpg,https://drive.google.com/uc?id=1111ABC111XYZ111
POST_109,2025-03-14,IMG_109.jpg,/Users/n.arcos89/Desktop/Bootcamp_Data/DIVA_DIGITAL_Proyecto Final/imagenes_descargadas/IMG_109.jpg,https://drive.google.com/uc?id=1109ABC109XYZ109
POST_68,2025-03-15,IMG_68.jpg,/Users/n.arcos89/Desktop/Bootcamp_Data/DIVA_DIGITAL_Proyecto Final/imagenes_descargadas/IMG_68.jpg,https://drive.google.com/uc?id=168ABC68XYZ68
POST_91,2025-03-17,IMG_91.jpg,/Users/n.arcos89/Desktop/Bootcamp_Data/DIVA_DIGITAL_Proyecto Final/imagenes_descargadas/IMG_91.jpg,https://drive.google.com/uc?id=191ABC91XYZ91
POST_195,2025-03-18,IMG_195.jpg,/Users/n.arcos89/Desktop/Bootcamp_Data/DIVA_DIGITAL_Proyecto Final/imagenes_descargadas/IMG_195.jpg,https://drive.google.com/uc?id=1195ABC195XYZ195
POST_41,2025-03-18,IMG_41.jpg,/Users/n.arcos89/Desktop/Bootcamp_Data/DIVA_DIGITAL_Proyecto Final/imagenes_descargadas/IMG_41.jpg,https://drive.google.com/uc?id=141ABC41XYZ41
POST_128,2025-03-20,IMG_128.jpg,/Users/n.arcos89/Desktop/Bootcamp_Data/DIVA_DIGITAL_Proyecto Final/imagenes_descargadas/IMG_128.jpg,https://drive.google.com/uc?id=1128ABC128XYZ128
POST_180,2025-03-21,IMG_180.jpg,/Users/n.arcos89/Desktop/Bootcamp_Data/DIVA_DIGITAL_Proyecto Final/imagenes_descargadas/IMG_180.jpg,https://drive.google.com/uc?id=1180ABC180XYZ180
POST_158,2025-03-22,IMG_158.jpg,/Users/n.arcos89/Desktop/Bootcamp_Data/DIVA_DIGITAL_Proyecto Final/imagenes_descargadas/IMG_158.jpg,https://drive.google.com/uc?id=1158ABC158XYZ158
POST_102,2025-03-23,IMG_102.jpg,/Users/n.arcos89/Desktop/Bootcamp_Data/DIVA_DIGITAL_Proyecto Final/imagenes_descargadas/IMG_102.jpg,https://drive.google.com/uc?id=1102ABC102XYZ102
POST_28,2025-03-23,IMG_28.jpg,/Users/n.arcos89/Desktop/Bootcamp_Data/DIVA_DIGITAL_Proyecto Final/imagenes_descargadas/IMG_28.jpg,https://drive.google.com/uc?id=128ABC28XYZ28
POST_1,2025-03-25,IMG_1.jpg,/Users/n.arcos89/Desktop/Bootcamp_Data/DIVA_DIGITAL_Proyecto Final/imagenes_descargadas/IMG_1.jpg,https://drive.google.com/uc?id=11ABC1XYZ1
POST_173,2025-03-25,IMG_173.jpg,/Users/n.arcos89/Desktop/Bootcamp_Data/DIVA_DIGITAL_Proyecto Final/imagenes_descargadas/IMG_173.jpg,https://drive.google.com/uc?id=1173ABC173XYZ173
POST_54,2025-03-26,IMG_54.jpg,/Users/n.arcos89/Desktop/Bootcamp_Data/DIVA_DIGITAL_Proyecto Final/imagenes_descargadas/IMG_54.jpg,https://drive.google.com/uc?id=154ABC54XYZ54
POST_162,2025-03-28,IMG_162.jpg,/Users/n.arcos89/Desktop/Bootcamp_Data/DIVA_DIGITAL_Proyecto Final/imagenes_descargadas/IMG_162.jpg,https://drive.google.com/uc?id=1162ABC162XYZ162
POST_35,2025-03-28,IMG_35.jpg,/Users/n.arcos89/Desktop/Bootcamp_Data/DIVA_DIGITAL_Proyecto Final/imagenes_descargadas/IMG_35.jpg,https://drive.google.com/uc?id=135ABC35XYZ35
POST_182,2025-03-29,IMG_182.jpg,/Users/n.arcos89/Desktop/Bootcamp_Data/DIVA_DIGITAL_Proyecto Final/imagenes_descargadas/IMG_182.jpg,https://drive.google.com/uc?id=1182ABC182XYZ182
POST_104,2025-03-31,IMG_104.jpg,/Users/n.arcos89/Desktop/Bootcamp_Data/DIVA_DIGITAL_Proyecto Final/imagenes_descargadas/IMG_104.jpg,https://drive.google.com/uc?id=1104ABC104XYZ104
POST_129,2025-04-01,IMG_129.jpg,/Users/n.arcos89/Desktop/Bootcamp_Data/DIVA_DIGITAL_Proyecto Final/imagenes_descargadas/IMG_129.jpg,https://drive.google.com/uc?id=1129ABC129XYZ129
POST_159,2025-04-01,IMG_159.jpg,/Users/n.arcos89/Desktop/Bootcamp_Data/DIVA_DIGITAL_Proyecto Final/imagenes_descargadas/IMG_159.jpg,https://drive.google.com/uc?id=1159ABC159XYZ159
POST_172,2025-04-03,IMG_172.jpg,/Users/n.arcos89/Desktop/Bootcamp_Data/DIVA_DIGITAL_Proyecto Final/imagenes_descargadas/IMG_172.jpg,https://drive.google.com/uc?id=1172ABC172XYZ172
POST_48,2025-04-04,IMG_48.jpg,/Users/n.arcos89/Desktop/Bootcamp_Data/DIVA_DIGITAL_Proyecto Final/imagenes_descargadas/IMG_48.jpg,https://drive.google.com/uc?id=148ABC48XYZ48
POST_181,2025-04-04,IMG_181.jpg,/Users/n.arcos89/Desktop/Bootcamp_Data/DIVA_DIGITAL_Proyecto Final/imagenes_descargadas/IMG_181.jpg,https://drive.google.com/uc?id=1181ABC181XYZ181
POST_146,2025-04-05,IMG_146.jpg,/Users/n.arcos89/Desktop/Bootcamp_Data/DIVA_DIGITAL_Proyecto Final/imagenes_descargadas/IMG_146.jpg,https://drive.google.com/uc?id=1146ABC146XYZ146
POST_198,2025-04-07,IMG_198.jpg,/Users/n.arcos89/Desktop/Bootcamp_Data/DIVA_DIGITAL_Proyecto Final/imagenes_descargadas/IMG_198.jpg,https://drive.google.com/uc?id=1198ABC198XYZ198
POST_60,2025-04-07,IMG_60.jpg,/Users/n.arcos89/Desktop/Bootcamp_Data/DIVA_DIGITAL_Proyecto Final/imagenes_descargadas/IMG_60.jpg,https://drive.google.com/uc?id=160ABC60XYZ60
POST_183,2025-04-08,IMG_183.jpg,/Users/n.arcos89/Desktop/Bootcamp_Data/DIVA_DIGITAL_Proyecto Final/imagenes_descargadas/IMG_183.jpg,https://drive.google.com/uc?id=1183ABC183XYZ183
POST_124,2025-04-09,IMG_124.jpg,/Users/n.arcos89/Desktop/Bootcamp_Data/DIVA_DIGITAL_Proyecto Final/imagenes_descargadas/IMG_124.jpg,https://drive.google.com/uc?id=1124ABC124XYZ124
POST_200,2025-04-10,IMG_200.jpg,/Users/n.arcos89/Desktop/Bootcamp_Data/DIVA_DIGITAL_Proyecto Final/imagenes_descargadas/IMG_200.jpg,https://drive.google.com/uc?id=1200ABC200XYZ200
POST_94,2025-04-10,IMG_94.jpg,/Users/n.arcos89/Desktop/Bootcamp_Data/DIVA_DIGITAL_Proyecto Final/imagenes_descargadas/IMG_94.jpg,https://drive.google.com/uc?id=194ABC94XYZ94
POST_138,2025-04-12,IMG_138.jpg,/Users/n.arcos89/Desktop/Bootcamp_Data/DIVA_DIGITAL_Proyecto Final/imagenes_descargadas/IMG_138.jpg,https://drive.google.com/uc?id=1138ABC138XYZ138
POST_176,2025-04-12,IMG_176.jpg,/Users/n.arcos89/Desktop/Bootcamp_Data/DIVA_DIGITAL_Proyecto Final/imagenes_descargadas/IMG_176.jpg,https://drive.google.com/uc?id=1176ABC176XYZ176
POST_45,2025-04-13,IMG_45.jpg,/Users/n.arcos89/Desktop/Bootcamp_Data/DIVA_DIGITAL_Proyecto Final/imagenes_descargadas/IMG_45.jpg,https://drive.google.com/uc?id=145ABC45XYZ45
POST_105,2025-04-14,IMG_105.jpg,/Users/n.arcos89/Desktop/Bootcamp_Data/DIVA_DIGITAL_Proyecto Final/imagenes_descargadas/IMG_105.jpg,https://drive.google.com/uc?id=1105ABC105XYZ105
POST_30,2025-04-15,IMG_30.jpg,/Users/n.arcos89/Desktop/Bootcamp_Data/DIVA_DIGITAL_Proyecto Final/imagenes_descargadas/IMG_30.jpg,https://drive.google.com/uc?id=130ABC30XYZ30
POST_76,2025-04-17,IMG_76.jpg,/Users/n.arcos89/Desktop/Bootcamp_Data/DIVA_DIGITAL_Proyecto Final/imagenes_descargadas/IMG_76.jpg,https://drive.google.com/uc?id=176ABC76XYZ76
POST_20,2025-04-17,IMG_20.jpg,/Users/n.arcos89/Desktop/Bootcamp_Data/DIVA_DIGITAL_Proyecto Final/imagenes_descargadas/IMG_20.jpg,https://drive.google.com/uc?id=120ABC20XYZ20
POST_40,2025-04-17,IMG_40.jpg,/Users/n.arcos89/Desktop/Bootcamp_Data/DIVA_DIGITAL_Proyecto Final/imagenes_descargadas/IMG_40.jpg,https://drive.google.com/uc?id=140ABC40XYZ40
POST_27,2025-04-19,IMG_27.jpg,/Users/n.arcos89/Desktop/Bootcamp_Data/DIVA_DIGITAL_Proyecto Final/imagenes_descargadas/IMG_27.jpg,https://drive.google.com/uc?id=127ABC27XYZ27
POST_86,2025-04-19,IMG_86.jpg,/Users/n.arcos89/Desktop/Bootcamp_Data/DIVA_DIGITAL_Proyecto Final/imagenes_descargadas/IMG_86.jpg,https://drive.google.com/uc?id=186ABC86XYZ86
POST_160,2025-04-20,IMG_160.jpg,/Users/n.arcos89/Desktop/Bootcamp_Data/DIVA_DIGITAL_Proyecto Final/imagenes_descargadas/IMG_160.jpg,https://drive.google.com/uc?id=1160ABC160XYZ160
POST_188,2025-04-22,IMG_188.jpg,/Users/n.arcos89/Desktop/Bootcamp_Data/DIVA_DIGITAL_Proyecto Final/imagenes_descargadas/IMG_188.jpg,https://drive.google.com/uc?id=1188ABC188XYZ188
POST_71,2025-04-22,IMG_71.jpg,/Users/n.arcos89/Desktop/Bootcamp_Data/DIVA_DIGITAL_Proyecto Final/imagenes_descargadas/IMG_71.jpg,https://drive.google.com/uc?id=171ABC71XYZ71
POST_26,2025-04-23,IMG_26.jpg,/Users/n.arcos89/Desktop/Bootcamp_Data/DIVA_DIGITAL_Proyecto Final/imagenes_descargadas/IMG_26.jpg,https://drive.google.com/uc?id=126ABC26XYZ26
POST_134,2025-04-24,IMG_134.jpg,/Users/n.arcos89/Desktop/Bootcamp_Data/DIVA_DIGITAL_Proyecto Final/imagenes_descargadas/IMG_134.jpg,https://drive.google.com/uc?id=1134ABC134XYZ134
POST_50,2025-04-25,IMG_50.jpg,/Users/n.arcos89/Desktop/Bootcamp_Data/DIVA_DIGITAL_Proyecto Final/imagenes_descargadas/IMG_50.jpg,https://drive.google.com/uc?id=150ABC50XYZ50
POST_4,2025-04-25,IMG_4.jpg,/Users/n.arcos89/Desktop/Bootcamp_Data/DIVA_DIGITAL_Proyecto Final/imagenes_descargadas/IMG_4.jpg,https://drive.google.com/uc?id=14ABC4XYZ4
POST_186,2025-04-27,IMG_186.jpg,/Users/n.arcos89/Desktop/Bootcamp_Data/DIVA_DIGITAL_Proyecto Final/imagenes_descargadas/IMG_186.jpg,https://drive.google.com/uc?id=1186ABC186XYZ186
POST_10,2025-04-29,IMG_10.jpg,/Users/n.arcos89/Desktop/Bootcamp_Data/DIVA_DIGITAL_Proyecto Final/imagenes_descargadas/IMG_10.jpg,https://drive.google.com/uc?id=110ABC10XYZ10
POST_67,2025-04-30,IMG_67.jpg,/Users/n.arcos89/Desktop/Bootcamp_Data/DIVA_DIGITAL_Proyecto Final/imagenes_descargadas/IMG_67.jpg,https://drive.google.com/uc?id=167ABC67XYZ67
POST_116,2025-05-03,IMG_116.jpg,/Users/n.arcos89/Desktop/Bootcamp_Data/DIVA_DIGITAL_Proyecto Final/imagenes_descargadas/IMG_116.jpg,https://drive.google.com/uc?id=1116ABC116XYZ116
POST_154,2025-05-04,IMG_154.jpg,/Users/n.arcos89/Desktop/Bootcamp_Data/DIVA_DIGITAL_Proyecto Final/imagenes_descargadas/IMG_154.jpg,https://drive.google.com/uc?id=1154ABC154XYZ154
POST_184,2025-05-05,IMG_184.jpg,/Users/n.arcos89/Desktop/Bootcamp_Data/DIVA_DIGITAL_Proyecto Final/imagenes_descargadas/IMG_184.jpg,https://drive.google.com/uc?id=1184ABC184XYZ184
POST_126,2025-05-07,IMG_126.jpg,/Users/n.arcos89/Desktop/Bootcamp_Data/DIVA_DIGITAL_Proyecto Final/imagenes_descargadas/IMG_126.jpg,https://drive.google.com/uc?id=1126ABC126XYZ126
POST_151,2025-05-09,IMG_151.jpg,/Users/n.arcos89/Desktop/Bootcamp_Data/DIVA_DIGITAL_Proyecto Final/imagenes_descargadas/IMG_151.jpg,https://drive.google.com/uc?id=1151ABC151XYZ151
POST_92,2025-05-11,IMG_92.jpg,/Users/n.arcos89/Desktop/Bootcamp_Data/DIVA_DIGITAL_Proyecto Final/imagenes_descargadas/IMG_92.jpg,https://drive.google.com/uc?id=192ABC92XYZ92
POST_8,2025-05-13,IMG_8.jpg,/Users/n.arcos89/Desktop/Bootcamp_Data/DIVA_DIGITAL_Proyecto Final/imagenes_descargadas/IMG_8.jpg,https://drive.google.com/uc?id=18ABC8XYZ8
POST_119,2025-05-15,IMG_119.jpg,/Users/n.arcos89/Desktop/Bootcamp_Data/DIVA_DIGITAL_Proyecto Final/imagenes_descargadas/IMG_119.jpg,https://drive.google.com/uc?id=1119ABC119XYZ119
POST_70,2025-05-17,IMG_70.jpg,/Users/n.arcos89/Desktop/Bootcamp_Data/DIVA_DIGITAL_Proyecto Final/imagenes_descargadas/IMG_70.jpg,https://drive.google.com/uc?id=170ABC70XYZ70
POST_83,2025-05-17,IMG_83.jpg,/Users/n.arcos89/Desktop/Bootcamp_Data/DIVA_DIGITAL_Proyecto Final/imagenes_descargadas/IMG_83.jpg,https://drive.google.com/uc?id=183ABC83XYZ83
POST_167,2025-05-19,IMG_167.jpg,/Users/n.arcos89/Desktop/Bootcamp_Data/DIVA_DIGITAL_Proyecto Final/imagenes_descargadas/IMG_167.jpg,https://drive.google.com/uc?id=1167ABC167XYZ167
POST_77,2025-05-21,IMG_77.jpg,/Users/n.arcos89/Desktop/Bootcamp_Data/DIVA_DIGITAL_Proyecto Final/imagenes_descargadas/IMG_77.jpg,https://drive.google.com/uc?id=177ABC77XYZ77
POST_56,2025-05-21,IMG_56.jpg,/Users/n.arcos89/Desktop/Bootcamp_Data/DIVA_DIGITAL_Proyecto Final/imagenes_descargadas/IMG_56.jpg,https://drive.google.com/uc?id=156ABC56XYZ56
POST_2,2025-05-23,IMG_2.jpg,/Users/n.arcos89/Desktop/Bootcamp_Data/DIVA_DIGITAL_Proyecto Final/imagenes_descargadas/IMG_2.jpg,https://drive.google.com/uc?id=12ABC2XYZ2
POST_100,2025-05-24,IMG_100.jpg,/Users/n.arcos89/Desktop/Bootcamp_Data/DIVA_DIGITAL_Proyecto Final/imagenes_descargadas/IMG_100.jpg,https://drive.google.com/uc?id=1100ABC100XYZ100
POST_137,2025-05-26,IMG_137.jpg,/Users/n.arcos89/Desktop/Bootcamp_Data/DIVA_DIGITAL_Proyecto Final/imagenes_descargadas/IMG_137.jpg,https://drive.google.com/uc?id=1137ABC137XYZ137
POST_58,2025-05-28,IMG_58.jpg,/Users/n.arcos89/Desktop/Bootcamp_Data/DIVA_DIGITAL_Proyecto Final/imagenes_descargadas/IMG_58.jpg,https://drive.google.com/uc?id=158ABC58XYZ58
POST_110,2025-05-29,IMG_110.jpg,/Users/n.arcos89/Desktop/Bootcamp_Data/DIVA_DIGITAL_Proyecto Final/imagenes_descargadas/IMG_110.jpg,https://drive.google.com/uc?id=1110ABC110XYZ110
POST_152,2025-05-31,IMG_152.jpg,/Users/n.arcos89/Desktop/Bootcamp_Data/DIVA_DIGITAL_Proyecto Final/imagenes_descargadas/IMG_152.jpg,https://drive.google.com/uc?id=1152ABC152XYZ152
POST_23,2025-06-01,IMG_23.jpg,/Users/n.arcos89/Desktop/Bootcamp_Data/DIVA_DIGITAL_Proyecto Final/imagenes_descargadas/IMG_23.jpg,https://drive.google.com/uc?id=123ABC23XYZ23
POST_9,2025-06-03,IMG_9.jpg,/Users/n.arcos89/Desktop/Bootcamp_Data/DIVA_DIGITAL_Proyecto Final/imagenes_descargadas/IMG_9.jpg,https://drive.google.com/uc?id=19ABC9XYZ9
POST_140,2025-06-05,IMG_140.jpg,/Users/n.arcos89/Desktop/Bootcamp_Data/DIVA_DIGITAL_Proyecto Final/imagenes_descargadas/IMG_140.jpg,https://drive.google.com/uc?id=1140ABC140XYZ140
POST_65,2025-06-07,IMG_65.jpg,/Users/n.arcos89/Desktop/Bootcamp_Data/DIVA_DIGITAL_Proyecto Final/imagenes_descargadas/IMG_65.jpg,https://drive.google.com/uc?id=165ABC65XYZ65
POST_131,2025-06-07,IMG_131.jpg,/Users/n.arcos89/Desktop/Bootcamp_Data/DIVA_DIGITAL_Proyecto Final/imagenes_descargadas/IMG_131.jpg,https://drive.google.com/uc?id=1131ABC131XYZ131
POST_120,2025-06-09,IMG_120.jpg,/Users/n.arcos89/Desktop/Bootcamp_Data/DIVA_DIGITAL_Proyecto Final/imagenes_descargadas/IMG_120.jpg,https://drive.google.com/uc?id=1120ABC120XYZ120
POST_13,2025-06-10,IMG_13.jpg,/Users/n.arcos89/Desktop/Bootcamp_Data/DIVA_DIGITAL_Proyecto Final/imagenes_descargadas/IMG_13.jpg,https://drive.google.com/uc?id=113ABC13XYZ13
POST_192,2025-06-12,IMG_192.jpg,/Users/n.arcos89/Desktop/Bootcamp_Data/DIVA_DIGITAL_Proyecto Final/imagenes_descargadas/IMG_192.jpg,https://drive.google.com/uc?id=1192ABC192XYZ192
POST_33,2025-06-14,IMG_33.jpg,/Users/n.arcos89/Desktop/Bootcamp_Data/DIVA_DIGITAL_Proyecto Final/imagenes_descargadas/IMG_33.jpg,https://drive.google.com/uc?id=133ABC33XYZ33
POST_96,2025-06-16,IMG_96.jpg,/Users/n.arcos89/Desktop/Bootcamp_Data/DIVA_DIGITAL_Proyecto Final/imagenes_descargadas/IMG_96.jpg,https://drive.google.com/uc?id=196ABC96XYZ96
POST_32,2025-06-16,IMG_32.jpg,/Users/n.arcos89/Desktop/Bootcamp_Data/DIVA_DIGITAL_Proyecto Final/imagenes_descargadas/IMG_32.jpg,https://drive.google.com/uc?id=132ABC32XYZ32
POST_6,2025-06-20,IMG_6.jpg,/Users/n.arcos89/Desktop/Bootcamp_Data/DIVA_DIGITAL_Proyecto Final/imagenes_descargadas/IMG_6.jpg,https://drive.google.com/uc?id=16ABC6XYZ6
POST_18,2025-06-20,IMG_18.jpg,/Users/n.arcos89/Desktop/Bootcamp_Data/DIVA_DIGITAL_Proyecto Final/imagenes_descargadas/IMG_18.jpg,https://drive.google.com/uc?id=118ABC18XYZ18
POST_149,2025-06-23,IMG_149.jpg,/Users/n.arcos89/Desktop/Bootcamp_Data/DIVA_DIGITAL_Proyecto Final/imagenes_descargadas/IMG_149.jpg,https://drive.google.com/uc?id=1149ABC149XYZ149
POST_117,2025-06-23,IMG_117.jpg,/Users/n.arcos89/Desktop/Bootcamp_Data/DIVA_DIGITAL_Proyecto Final/imagenes_descargadas/IMG_117.jpg,https://drive.google.com/uc?id=1117ABC117XYZ117
POST_15,2025-06-26,IMG_15.jpg,/Users/n.arcos89/Desktop/Bootcamp_Data/DIVA_DIGITAL_Proyecto Final/imagenes_descargadas/IMG_15.jpg,https://drive.google.com/uc?id=115ABC15XYZ15
POST_75,2025-06-27,IMG_75.jpg,/Users/n.arcos89/Desktop/Bootcamp_Data/DIVA_DIGITAL_Proyecto Final/imagenes_descargadas/IMG_75.jpg,https://drive.google.com/uc?id=175ABC75XYZ75
POST_125,2025-06-29,IMG_125.jpg,/Users/n.arcos89/Desktop/Bootcamp_Data/DIVA_DIGITAL_Proyecto Final/imagenes_descargadas/IMG_125.jpg,https://drive.google.com/uc?id=1125ABC125XYZ125
POST_80,2025-06-29,IMG_80.jpg,/Users/n.arcos89/Desktop/Bootcamp_Data/DIVA_DIGITAL_Proyecto Final/imagenes_descargadas/IMG_80.jpg,https://drive.google.com/uc?id=180ABC80XYZ80
POST_16,2025-07-01,IMG_16.jpg,/Users/n.arcos89/Desktop/Bootcamp_Data/DIVA_DIGITAL_Proyecto Final/imagenes_descargadas/IMG_16.jpg,https://drive.google.com/uc?id=116ABC16XYZ16
POST_57,2025-07-01,IMG_57.jpg,/Users/n.arcos89/Desktop/Bootcamp_Data/DIVA_DIGITAL_Proyecto Final/imagenes_descargadas/IMG_57.jpg,https://drive.google.com/uc?id=157ABC57XYZ57
POST_106,2025-07-04,IMG_106.jpg,/Users/n.arcos89/Desktop/Bootcamp_Data/DIVA_DIGITAL_Proyecto Final/imagenes_descargadas/IMG_106.jpg,https://drive.google.com/uc?id=1106ABC106XYZ106
POST_194,2025-07-05,IMG_194.jpg,/Users/n.arcos89/Desktop/Bootcamp_Data/DIVA_DIGITAL_Proyecto Final/imagenes_descargadas/IMG_194.jpg,https://drive.google.com/uc?id=1194ABC194XYZ194
POST_163,2025-07-07,IMG_163.jpg,/Users/n.arcos89/Desktop/Bootcamp_Data/DIVA_DIGITAL_Proyecto Final/imagenes_descargadas/IMG_163.jpg,https://drive.google.com/uc?id=1163ABC163XYZ163
POST_82,2025-07-07,IMG_82.jpg,/Users/n.arcos89/Desktop/Bootcamp_Data/DIVA_DIGITAL_Proyecto Final/imagenes_descargadas/IMG_82.jpg,https://drive.google.com/uc?id=182ABC82XYZ82
POST_169,2025-07-09,IMG_169.jpg,/Users/n.arcos89/Desktop/Bootcamp_Data/DIVA_DIGITAL_Proyecto Final/imagenes_descargadas/IMG_169.jpg,https://drive.google.com/uc?id=1169ABC169XYZ169
POST_24,2025-07-11,IMG_24.jpg,/Users/n.arcos89/Desktop/Bootcamp_Data/DIVA_DIGITAL_Proyecto Final/imagenes_descargadas/IMG_24.jpg,https://drive.google.com/uc?id=124ABC24XYZ24
POST_46,2025-07-13,IMG_46.jpg,/Users/n.arcos89/Desktop/Bootcamp_Data/DIVA_DIGITAL_Proyecto Final/imagenes_descargadas/IMG_46.jpg,https://drive.google.com/uc?id=146ABC46XYZ46
POST_84,2025-07-13,IMG_84.jpg,/Users/n.arcos89/Desktop/Bootcamp_Data/DIVA_DIGITAL_Proyecto Final/imagenes_descargadas/IMG_84.jpg,https://drive.google.com/uc?id=184ABC84XYZ84
POST_52,2025-07-15,IMG_52.jpg,/Users/n.arcos89/Desktop/Bootcamp_Data/DIVA_DIGITAL_Proyecto Final/imagenes_descargadas/IMG_52.jpg,https://drive.google.com/uc?id=152ABC52XYZ52
POST_130,2025-07-17,IMG_130.jpg,/Users/n.arcos89/Desktop/Bootcamp_Data/DIVA_DIGITAL_Proyecto Final/imagenes_descargadas/IMG_130.jpg,https://drive.google.com/uc?id=1130ABC130XYZ130
POST_21,2025-07-18,IMG_21.jpg,/Users/n.arcos89/Desktop/Bootcamp_Data/DIVA_DIGITAL_Proyecto Final/imagenes_descargadas/IMG_21.jpg,https://drive.google.com/uc?id=121ABC21XYZ21
POST_107,2025-07-19,IMG_107.jpg,/Users/n.arcos89/Desktop/Bootcamp_Data/DIVA_DIGITAL_Proyecto Final/imagenes_descargadas/IMG_107.jpg,https://drive.google.com/uc?id=1107ABC107XYZ107
POST_179,2025-07-20,IMG_179.jpg,/Users/n.arcos89/Desktop/Bootcamp_Data/DIVA_DIGITAL_Proyecto Final/imagenes_descargadas/IMG_179.jpg,https://drive.google.com/uc?id=1179ABC179XYZ179
POST_29,2025-07-23,IMG_29.jpg,/Users/n.arcos89/Desktop/Bootcamp_Data/DIVA_DIGITAL_Proyecto Final/imagenes_descargadas/IMG_29.jpg,https://drive.google.com/uc?id=129ABC29XYZ29
POST_150,2025-07-23,IMG_150.jpg,/Users/n.arcos89/Desktop/Bootcamp_Data/DIVA_DIGITAL_Proyecto Final/imagenes_descargadas/IMG_150.jpg,https://drive.google.com/uc?id=1150ABC150XYZ150
POST_88,2025-07-26,IMG_88.jpg,/Users/n.arcos89/Desktop/Bootcamp_Data/DIVA_DIGITAL_Proyecto Final/imagenes_descargadas/IMG_88.jpg,https://drive.google.com/uc?id=188ABC88XYZ88
POST_164,2025-07-26,IMG_164.jpg,/Users/n.arcos89/Desktop/Bootcamp_Data/DIVA_DIGITAL_Proyecto Final/imagenes_descargadas/IMG_164.jpg,https://drive.google.com/uc?id=1164ABC164XYZ164
POST_74,2025-07-28,IMG_74.jpg,/Users/n.arcos89/Desktop/Bootcamp_Data/DIVA_DIGITAL_Proyecto Final/imagenes_descargadas/IMG_74.jpg,https://drive.google.com/uc?id=174ABC74XYZ74
POST_93,2025-07-29,IMG_93.jpg,/Users/n.arcos89/Desktop/Bootcamp_Data/DIVA_DIGITAL_Proyecto Final/imagenes_descargadas/IMG_93.jpg,https://drive.google.com/uc?id=193ABC93XYZ93
POST_189,2025-07-31,IMG_189.jpg,/Users/n.arcos89/Desktop/Bootcamp_Data/DIVA_DIGITAL_Proyecto Final/imagenes_descargadas/IMG_189.jpg,https://drive.google.com/uc?id=1189ABC189XYZ189
POST_153,2025-08-01,IMG_153.jpg,/Users/n.arcos89/Desktop/Bootcamp_Data/DIVA_DIGITAL_Proyecto Final/imagenes_descargadas/IMG_153.jpg,https://drive.google.com/uc?id=1153ABC153XYZ153
