id_post,Fecha,Imagen,URL_Publica
POST_1,2024-08-05,IMG_1.jpg,https://drive.google.com/uc?id=145NoCNASpKY6vY8OCEpcCXSV0V3IO5D8
POST_2,2024-08-08,IMG_2.jpg,https://drive.google.com/uc?id=1id6FuKDn2XhIjMdw1GbLzDvfKgO1sxQk
POST_3,2024-08-12,IMG_3.jpg,https://drive.google.com/uc?id=1zoLZuzxdzkjUB9LYjbhx4oVzxz9jIjgc
POST_4,2024-08-14,IMG_4.jpg,https://drive.google.com/uc?id=1bWQgvEoQ3VTvYP9Cc5PPY0PQBRlswKVi
POST_5,2024-08-16,IMG_5.jpg,https://drive.google.com/uc?id=1WoO0mkxsQoN79OePYbSH7Gk3xvLiDtFl
POST_6,2024-08-19,IMG_6.jpg,https://drive.google.com/uc?id=1DaeHUZ4Ti4REIs4HwNFxBqP5naIN2ojp
POST_7,2024-08-22,IMG_7.jpg,https://drive.google.com/uc?id=1bw0wqHroH-3Wd1E4BNPJ2wA5h2E0ir8l
POST_8,2024-08-24,IMG_8.jpg,https://drive.google.com/uc?id=1qbBwqHlSQvciM3_M25geK5zRaffRoNab
POST_9,2024-08-28,IMG_9.jpg,https://drive.google.com/uc?id=1pkgTGKx4gfRb15KEJPTbwGvQSBiPSMXA
POST_10,2024-08-30,IMG_10.jpg,https://drive.google.com/uc?id=1PKZR6j7c9LnrQFh-o4v7BdPQWfKGXiQT
